Workbook

Sheet Dashboard
B2: Service Account Inventory - Dashboard
B3: Updated automatically. Formulas cover rows 2-5000 so they survive the runbook adding and removing rows. Extend the ranges if the tenant grows beyond that.
B5: CATEGORISATION PROGRESS | C5: Value | D5: Why it matters
B6: User accounts in scope | C6: =COUNTA('User Categorisation'!$A$2:$A$5000) -> 1 | D6: Total rows on the categorisation tab.
B7: Awaiting categorisation | C7: =COUNTIFS('User Categorisation'!$A$2:$A$5000,"<>",'User Categorisation'!$R$2:$R$5000,"") -> 1 | D7: Work the NEW rows each run and this stays small. Let it drift and the exercise restarts.
B8: Categorised | C8: =COUNTIFS('User Categorisation'!$A$2:$A$5000,"<>",'User Categorisation'!$R$2:$R$5000,"<>") -> 0
B9: Categorisation completeness | C9: =IF(COUNTA('User Categorisation'!$A$2:$A$5000)=0,"n/a",COUNTIFS('User Categorisation'!$A$2:$A$5000,"<>",'User Categorisation'!$R$2:$R$5000,"<>")/COUNTA('User Categorisation'!$A$2:$A$5000)) -> 0 | D9: The metric that measures the work rather than the problem.
B10: New since last run | C10: =COUNTIF('User Categorisation'!$P$2:$P$5000,"NEW") -> 1 | D10: Filter Row Status on the tab to find them.
B11: Renamed since last run | C11: =COUNTIF('User Categorisation'!$P$2:$P$5000,"RENAMED") -> 0 | D11: Same Object ID, different name. Your categorisation carried over automatically - confirm it is still correct, because a repurposed account keeps its identifier.
B13: CATEGORY BREAKDOWN | C13: Value | D13: Why it matters
B14: Service Account | C14: =COUNTIF('User Categorisation'!$R$2:$R$5000,"Service Account") -> 0
B15: Privileged / Admin | C15: =COUNTIF('User Categorisation'!$R$2:$R$5000,"Privileged / Admin") -> 0
B16: Break-Glass (Emergency Access) | C16: =COUNTIF('User Categorisation'!$R$2:$R$5000,"Break-Glass (Emergency Access)") -> 0
B17: Shared / Departmental | C17: =COUNTIF('User Categorisation'!$R$2:$R$5000,"Shared / Departmental") -> 0
B18: Standard User | C18: =COUNTIF('User Categorisation'!$R$2:$R$5000,"Standard User") -> 0
B19: Decommission Candidate | C19: =COUNTIF('User Categorisation'!$R$2:$R$5000,"Decommission Candidate") -> 0
B21: SERVICE ACCOUNT HYGIENE | C21: Value | D21: Why it matters
B22: Confirmed service accounts | C22: =COUNTIF('User Categorisation'!$S$2:$S$5000,"Yes") -> 0
B23: ... with no owning team | C23: =COUNTIFS('User Categorisation'!$S$2:$S$5000,"Yes",'User Categorisation'!$T$2:$T$5000,"") -> 0 | D23: Categorised but unowned. Half the job.
B24: ... never signed in interactively | C24: =COUNTIFS('User Categorisation'!$S$2:$S$5000,"Yes",'User Categorisation'!$F$2:$F$5000,"") -> 0 | D24: Consistent with a service account. Confirms the categorisation.
B25: ... with MFA not registered | C25: =COUNTIFS('User Categorisation'!$S$2:$S$5000,"Yes",'User Categorisation'!$H$2:$H$5000,"No") -> 0
B27: WORKLOAD IDENTITIES | C27: Value | D27: Why it matters
B28: Service principals | C28: =COUNTA('Service Principals'!$A$2:$A$5000) -> 1
B29: ... high-risk permission | C29: =COUNTIF('Service Principals'!$M$2:$M$5000,"High") -> 1
B30: ... credential expiring within 30 days | C30: =COUNTIFS('Service Principals'!$K$2:$K$5000,"<=30",'Service Principals'!$K$2:$K$5000,">=0") -> 1
B31: ... CA excluded | C31: =COUNTIF('Service Principals'!$O$2:$O$5000,"Yes") -> 0
B32: ... no owning team | C32: =COUNTIFS('Service Principals'!$A$2:$A$5000,"<>",'Service Principals'!$S$2:$S$5000,"") -> 1
B33: Managed identities | C33: =COUNTA('Managed Identities'!$A$2:$A$5000) -> 1
B34: ... subscription or MG scoped | C34: =COUNTIF('Managed Identities'!$M$2:$M$5000,"Yes") -> 0
B35: ... no owning team | C35: =COUNTIFS('Managed Identities'!$A$2:$A$5000,"<>",'Managed Identities'!$Q$2:$Q$5000,"") -> 1
B37: Run history is on the Run Log tab.

Sheet How to Use
B2: How this workbook maintains itself
B4: An Azure Automation runbook updates this file in place using the Microsoft Graph Excel API. Do not rename the tabs, the tables, or the columns - the runbook addresses them by name and will fail if they move.
B6: The two column zones
B8: DARK BLUE headers are written by the runbook. GREEN headers are yours: Confirmed Category, Service Account?, Owner Team, Owner Name, Environment, Categorised By, Categorised Date and Notes. The runbook never writes into the green zone, which is what makes 'categorise once' hold.
B10: Column A is the primary key on every tab. The runbook matches rows on Object ID, so never edit, sort away, or reorder it.
B12: What each run does
B14: Adds a row for any identity that appeared since the last run, with Row Status set to NEW. Removes rows for identities that no longer exist in the tenant, copying them to the Archive tab first so your categorisation is not silently lost. Everything else is left exactly as it was, including rows you have partly filled in.
B16: By default the runbook does not refresh attributes on existing rows either - the Enabled flag and sign-in dates are as at the day the row was added. That is what you asked for, and it keeps the tab stable, but it does mean those columns age. Run the runbook with -RefreshAttributes if you would rather they stayed current; it still never touches the green zone.
B18: Your workflow each run
B20: Filter Row Status on NEW. Those are the only rows needing attention. Set Confirmed Category, and the highlighting clears. The Dashboard tracks completeness so you can see the backlog shrinking.
B22: Suggested Category is the runbook's heuristic guess, with a confidence rating. Treat it as a starting point - it is right often enough to be useful and wrong often enough to need checking, particularly for break-glass accounts, which depend entirely on your naming convention.
B24: Renames
... B40: Version history is available through SharePoint. Right-click the file and choose Version History to recover an earlier copy if a run does something unexpected.

Sheet User Categorisation
A1: Object ID | B1: Display Name | C1: User Principal Name | D1: Enabled | E1: Created | F1: Last Interactive Sign-In | G1: Last Non-Interactive Sign-In | H1: MFA Registered | I1: Licensed | J1: Identity Source | K1: Has Manager | L1: Has EmployeeId | M1: Suggested Category | N1: Confidence | O1: First Seen | P1: Row Status | Q1: Previous Identifier | R1: Confirmed Category | S1: Service Account? | T1: Owner Team | U1: Owner Name | V1: Environment | W1: Categorised By | X1: Categorised Date | Y1: Notes
A2: 00000000-0000-0000-0000-000000000001 | B2: EXAMPLE ROW - the runbook deletes this on first run | C2: example@contoso.com.au | D2: Yes | E2: 45306 | G2: 46246 | H2: No | I2: Yes | J2: Cloud-only | K2: No | L2: No | M2: Service Account | N2: High | O2: 46248 | P2: NEW | AA2: Dark blue = runbook writes. Green = yours, never overwritten.

Sheet Service Principals
A1: Object ID | B1: Display Name | C1: Application (Client) ID | D1: App Origin | E1: Sign-in Audience | F1: Enabled | G1: Created | H1: Last Sign-In | I1: Credential Type | J1: Next Credential Expiry | K1: Days to Expiry | L1: Highest Permission | M1: Permission Risk | N1: Registered Owner | O1: CA Excluded | P1: Exclusion Groups | Q1: First Seen | R1: Row Status | S1: Owner Team | T1: Owner Name | U1: Environment | V1: Business Criticality | W1: Exclusion Justification | X1: Exclusion Approved By | Y1: Exclusion Expiry | Z1: Notes
A2: 00000000-0000-0000-0000-000000000002 | B2: EXAMPLE ROW - deleted on first run | C2: c7d2e4f6-1a3b-4c5d-8e9f-0a1b2c3d4e5f | D2: In-house | E2: Single tenant | F2: Yes | G2: 45506 | H2: 46237 | I2: Certificate | J2: 46277 | K2: 29 | L2: Files.ReadWrite.All | M2: High | N2: Daniel Okafor | O2: No | Q2: 46248 | R2: NEW

Sheet Managed Identities
A1: Object ID | B1: Display Name | C1: Client ID | D1: Managed Identity Type | E1: Created | F1: Last Sign-In | G1: Azure Resource | H1: Resource Group | I1: Subscription | J1: Region | K1: Azure RBAC Roles | L1: Highest Azure Role | M1: Sub or MG Scoped | N1: CA Excluded | O1: First Seen | P1: Row Status | Q1: Owner Team | R1: Owner Name | S1: Environment | T1: Business Criticality | U1: Notes
A2: 00000000-0000-0000-0000-000000000003 | B2: EXAMPLE ROW - deleted on first run | C2: 5e6f7a8b-9c0d-4e1f-a2b3-c4d5e6f7a8b9 | D2: User-assigned | E2: 45676 | F2: 46238 | G2: adf-analytics-prod | H2: rg-analytics-prod-ause | I2: SUB-PROD-DATA | J2: australiaeast | K2: Storage Blob Data Contributor @ st-datalake-prod | L2: Storage Blob Data Contributor | M2: No | N2: Yes | O2: 46248 | P2: NEW

Sheet Archive
A1: Object ID | B1: Display Name | C1: User Principal Name | D1: Source Tab | E1: Confirmed Category | F1: Owner Team | G1: Removed Date | H1: Reason
A2: 00000000-0000-0000-0000-000000000004 | B2: EXAMPLE ROW - safe to delete manually | D2: User Categorisation | G2: 46248 | H2: Example | J2: Rows removed from the live tabs, kept so categorisation work is not silently lost.

Sheet Run Log
A1: Run Timestamp | B1: Tab | C1: Rows Before | D1: Added | E1: Removed | F1: Rows After | G1: Outcome | H1: Detail
A2: 2026-08-14 06:00 | B2: User Categorisation | C2: 0 | D2: 1 | E2: 1 | F2: 0 | G2: Example | H2: Deleted on first run

Sheet Reference
A1: Account Category | B1: Owner Team | C1: Environment | D1: Yes / No
A2: Standard User | B2: Identity & Access Management | C2: Production | D2: Yes
A3: Service Account | B3: Cyber Security Operations | C3: Non-Production | D3: No
A4: Privileged / Admin | B4: Cloud Platform Engineering | C4: Development | D4: Unknown
A5: Break-Glass (Emergency Access) | B5: Infrastructure & Network Services | C5: Test / UAT
A6: Shared / Departmental | B6: Enterprise Applications | C6: Mixed
A7: Guest (B2B) | B7: Data & Analytics | C7: N/A
A8: Test Account | B8: Digital Channels
A9: Contractor / Vendor | B9: Integration Services
A10: System / Built-in | B10: Finance Systems
A11: Decommission Candidate | B11: People & Culture Systems
A12: UNCATEGORISED | B12: Service Desk
B13: External Vendor / MSP
B14: UNASSIGNED - NEEDS OWNER
A16: Edit these lists to match your standards. The runbook never touches this tab.
